date,regime,actual_y1y,q10,q50,q74,interval_width,actual_in_band
2023-04-10,Easing,4.96829299446442,3.5140841560706875,4.8278204739435315,5.317037991947357,1.8029538358766697,1
2023-04-11,Easing,4.9555977454664735,3.5125430796502615,4.827025011718319,5.317126454648484,1.8045833749982227,1
2023-04-12,Easing,4.9130046803294505,3.511127325389766,4.826412091574796,5.316976032952322,1.8058487075625562,1
2023-04-13,Easing,4.981485628005107,3.5104169909622644,4.825960650965078,5.317160681288801,1.8067436903265364,1
2023-04-14,Easing,5.008914129918197,3.5094191527561005,4.825508332749196,5.3169802454619,1.8075610927057992,1
2023-04-17,Easing,4.965574405033935,3.5080646554057107,4.825101474532505,5.315955025943482,1.8078903705377711,1
2023-04-18,Easing,5.001545302682689,3.506969666197416,4.824849250521554,5.314259315317317,1.8072896491199009,1
2023-04-19,Easing,4.988113825237199,3.506857771411765,4.824838894768842,5.312768789011821,1.8059110176000566,1
2023-04-20,Easing,4.983776234468422,3.506913148360585,4.824992475847187,5.31125298764886,1.804339839288275,1
2023-04-21,Easing,4.964113238680568,3.5079424048673475,4.825321929200393,5.310605314301323,1.802662909433976,1
2023-04-24,Easing,4.989634807896876,3.5084439567889154,4.825575030817506,5.309865667828012,1.8014217110390964,1
2023-04-25,Easing,5.03147422839251,3.5095104237969457,4.8257717901190205,5.309768955628963,1.800258531832017,1
2023-04-26,Easing,5.014792161370737,3.5112226334189565,4.825983293204056,5.311234733440691,1.8000121000217346,1
2023-04-27,Easing,4.9998860049619775,3.5113128513324074,4.825859024171521,5.312350170872559,1.8010373195401517,1
2023-04-28,Easing,5.045561487183012,3.5101150944425457,4.82560609807564,5.312232571646855,1.8021174772043094,1
2023-05-01,Easing,4.998028994127319,3.510156166410926,4.825531501551872,5.312638201214919,1.802482034803993,1
2023-05-02,Easing,4.953999471892155,3.5090443271643217,4.825278926498456,5.31174550022696,1.8027011730626379,1
2023-05-03,Easing,4.908950539135341,3.5100092551394115,4.825236801402681,5.31240809287925,1.8023988377398381,1
2023-05-04,Easing,4.9065479640407,3.5105054536633915,4.824985806040356,5.313648852471047,1.8031433988076557,1
2023-05-05,Easing,4.894503531390725,3.5105375740489198,4.824558938403173,5.315405468964855,1.804867894915935,1
2023-05-08,Easing,4.909258700141711,3.5089473516834238,4.8239683094561645,5.3160201443207,1.8070727926372765,1
2023-05-09,Easing,4.8883748813934265,3.507283585921554,4.823479482823945,5.315741416603657,1.8084578306821033,1
2023-05-10,Easing,4.929548631044229,3.5063176048190696,4.823200404064438,5.31524170765503,1.8089241028359604,1
2023-05-11,Easing,4.916576256392249,3.5065639488687355,4.82308333140243,5.315673489886721,1.8091095410179854,1
2023-05-12,Easing,4.891178229508091,3.5064878604144925,4.822887274185845,5.316332221071898,1.8098443606574053,1
2023-05-15,Easing,4.823900167327004,3.505555579388628,4.822604509480458,5.316266225088517,1.8107106456998894,1
2023-05-16,Easing,4.8504931792800665,3.5047880250393657,4.822451630487041,5.315853048107461,1.8110650230680951,1
2023-05-17,Easing,4.877809064475335,3.5040648775619,4.822397394426232,5.314830636928761,1.810765759366861,1
2023-05-18,Easing,4.888858932328639,3.5037729857524273,4.822464092494542,5.313490356798195,1.809717371045768,1
2023-05-19,Easing,4.8729938470303,3.5033967559907895,4.822598717279789,5.3114063932059725,1.808009637215183,1
2023-05-22,Easing,4.88837544251703,3.503557094636582,4.822986092639684,5.309143046914243,1.805585952277661,1
2023-05-23,Easing,4.926447579160584,3.504466470141619,4.823390318037889,5.307007655600929,1.8025411854593099,1
2023-05-24,Easing,4.925770314320881,3.5056523793482937,4.823950932854157,5.305364250302017,1.7997118709537236,1
2023-05-25,Easing,4.962098021262298,3.506695765314264,4.824458540258243,5.303778591488563,1.7970828261742993,1
2023-05-26,Easing,4.993119280397126,3.506891383727768,4.824862063571519,5.301437138248418,1.7945457545206498,1
2023-05-30,Easing,4.963325741842224,3.5079138826670837,4.82544848000895,5.299493942684576,1.791580060017492,1
2023-05-31,Easing,4.935553671334984,3.510149935407176,4.825936253513774,5.2986389787615815,1.7884890433544056,1
2023-06-01,Easing,4.876499901687879,3.511907692788993,4.82637716284955,5.298687422621722,1.7867797298327286,1
2023-06-02,Easing,4.82717290023242,3.5132380559699286,4.826722588634903,5.299345276200738,1.786107220230809,1
2023-06-05,Easing,4.793854146320167,3.5129374758594527,4.82678472315117,5.299055315124821,1.7861178392653687,1
2023-06-06,Easing,4.786289080607348,3.5131983881714075,4.826991487162932,5.298935609644328,1.7857372214729206,1
2023-06-07,Easing,4.898410795898287,3.513314758748485,4.827201410556875,5.298637925634187,1.7853231668857021,1
2023-06-08,Easing,4.90912954779381,3.5129104455896636,4.8273930797426505,5.297736097542143,1.7848256519524792,1
2023-06-09,Easing,4.867529870709494,3.513625168047975,4.827780981666242,5.297400325424572,1.7837751573765974,1
2023-06-12,Easing,4.812010134505584,3.5138182414036097,4.828066379190116,5.296795303736507,1.7829770623328978,1
2023-06-13,Easing,4.7583913092480055,3.5144999658702307,4.828361605903004,5.296506922351682,1.7820069564814514,1
2023-06-14,Easing,4.739210356781047,3.5139418961118314,4.828499741112899,5.2953946443019975,1.781452748190166,1
2023-06-15,Easing,4.797094718256567,3.514003504064402,4.828712999410259,5.294260777140728,1.7802572730763262,1
2023-06-16,Easing,4.75302975867769,3.5153186846587356,4.829168828050788,5.294168452972488,1.7788497683137523,1
2023-06-20,Easing,4.768739942303222,3.515517111411958,4.8293933197070205,5.293712097768262,1.7781949863563042,1
2023-06-21,Easing,4.766219922525973,3.516201907500146,4.82958604202019,5.293563782326888,1.7773618748267426,1
2023-06-22,Easing,4.769754633791343,3.5167046880703405,4.829730320473218,5.293591339160374,1.7768866510900332,1
2023-06-23,Easing,4.752558433042616,3.5162778204331566,4.82972014024174,5.293050382722134,1.7767725622889774,1
2023-06-26,Easing,4.808322567252893,3.516790605713598,4.829859679621493,5.29298930133326,1.7761986956196623,1
2023-06-27,Easing,4.784318202439349,3.517304795163898,4.829907772439169,5.293083029671359,1.7757782345074609,1
2023-06-28,Easing,4.813452751254608,3.5169532261354113,4.829863014524909,5.2928120248885415,1.7758587987531302,1
2023-06-29,Easing,4.877871359416162,3.5173389340435985,4.8299328719754016,5.292938926739563,1.7755999926959642,1
2023-06-30,Easing,4.846483155014775,3.5161381055321703,4.829716629817092,5.291858944596639,1.7757208390644683,1
2023-07-03,Easing,4.811161569341031,3.5160973846062546,4.829751031978641,5.2911050809035025,1.7750076962972479,1
2023-07-05,Easing,4.743989642852173,3.515727561369599,4.829718385029416,5.29000035026681,1.7742727888972114,1
2023-07-06,Easing,4.746747895328628,3.515223288868929,4.829695742790436,5.28862531693223,1.7734020280633014,1
2023-07-07,Easing,4.757232460010377,3.514496192163734,4.829603243100964,5.286772339281839,1.772276147118105,1
2023-07-10,Easing,4.750558409419814,3.514507337761991,4.829690301632232,5.285215992514195,1.7707086547522044,1
2023-07-11,Easing,4.668209247635778,3.5153804681325385,4.829974646028711,5.284414738088314,1.7690342699557755,1
2023-07-12,Easing,4.642767987782445,3.5159859286236843,4.830197909036318,5.28387430821377,1.7678883795900857,1
2023-07-13,Easing,4.654400270825173,3.5176581194047083,4.8306828742014245,5.284562878008455,1.7669047586037463,1
2023-07-14,Easing,4.631485609300571,3.519427373427247,4.831191710254137,5.286179779601275,1.7667524061740276,1
2023-07-17,Easing,4.621341581782147,3.5192780048584793,4.831219091566391,5.2869913897798675,1.7677133849213882,1
2023-07-18,Easing,4.644850740697455,3.5193545321158037,4.831228569712939,5.287768597796912,1.7684140656811085,1
2023-07-19,Easing,4.6723878643641,3.5194052577519654,4.831223655118432,5.288490516625751,1.769085258873786,1
2023-07-20,Easing,4.682433251947067,3.5196617820331104,4.831232957743749,5.289351097228183,1.7696893151950723,1
2023-07-21,Easing,4.655372818122226,3.5187791735160134,4.831025316125826,5.289390413984239,1.7706112404682255,1
2023-07-24,Easing,4.651683519679077,3.51839337784721,4.830885250182376,5.289313184641985,1.7709198067947751,1
2023-07-25,Easing,4.650645213523177,3.5179689675072794,4.830740620686882,5.288996544338746,1.7710275768314663,1
2023-07-26,Easing,4.605199297296298,3.5174306438875247,4.830587741693467,5.288401000797229,1.7709703569097046,1
2023-07-27,Easing,4.599397402836549,3.5176263500616454,4.830603889646847,5.288185987287546,1.770559637225901,1
2023-07-28,Easing,4.58238270664377,3.5164886214332625,4.830380100075544,5.287040886767404,1.7705522653341412,1
2023-07-31,Easing,4.539306563592072,3.516661422086555,4.830415555364487,5.286386192570571,1.7697247704840162,1
2023-08-01,Easing,4.443715753528459,3.5168126336282635,4.830459786715051,5.285840672580289,1.7690280389520252,1
2023-08-02,Easing,4.2382566809879005,3.5163080100851283,4.830386243318678,5.284920765801308,1.76861275571618,1
2023-08-03,Easing,4.243841476564244,3.516119675802769,4.830399407411107,5.284063695623525,1.7679440198207557,1
2023-08-04,Easing,4.335177740312687,3.515333516202873,4.8302809305792405,5.282678657578698,1.767345141375825,1
2023-08-07,Easing,4.364564240557833,3.516489323518192,4.830601256828361,5.282472069088168,1.7659827455699761,1
2023-08-08,Easing,4.3935757999790965,3.5168024533967843,4.830761332192305,5.282220898204612,1.7654184448078274,1
2023-08-09,Easing,4.379482302013908,3.5176335464321733,4.830991967091672,5.282492605072359,1.7648590586401856,1
2023-08-10,Easing,4.350692186374136,3.5179049900180717,4.831112901220791,5.282742371786057,1.7648373817679852,1
2023-08-11,Easing,4.2971741092323015,3.517389747440377,4.831063228712024,5.282502609782606,1.765112862342229,1
2023-08-14,Easing,4.2968035122876405,3.5166055185740372,4.830908770027516,5.2817313694874635,1.7651258509134262,1
2023-08-15,Easing,4.381103209995159,3.5160248943372756,4.830747290493713,5.280686316069785,1.7646614217325092,1
2023-08-16,Easing,4.358600722966925,3.5157807443030147,4.830692352347974,5.279731129523093,1.763950385220078,1
2023-08-17,Easing,4.3388408440680655,3.5152327670154784,4.830578263546917,5.278550398192774,1.7633176311772956,1
2023-08-18,Easing,4.295171417714301,3.5150647931960766,4.830558780690121,5.277522194813406,1.7624574016173291,1
2023-08-21,Easing,4.247373825288694,3.515410394502662,4.83069498516646,5.276925598144496,1.7615152036418342,1
2023-08-22,Easing,4.308450384048602,3.514961762232661,4.830599677137269,5.275935833915022,1.760974071682361,1
2023-08-23,Easing,4.252782568914135,3.5148028277567276,4.830553866095615,5.2750487496064995,1.760245921849772,1
2023-08-24,Easing,4.258163052753911,3.5160515735645994,4.830910700761073,5.275223393232732,1.7591718196681327,1
2023-08-25,Easing,4.243731845652971,3.516238415916484,4.831022156743643,5.275199522345126,1.7589611064286421,1
2023-08-28,Easing,4.240875724060775,3.5161739118635786,4.830997759292341,5.275011012541534,1.7588371006779555,1
2023-08-29,Easing,4.2650593901667255,3.516501434483227,4.831123783537199,5.275163364971252,1.7586619304880253,1
2023-08-30,Easing,4.288541308997318,3.517544557167349,4.8314911494766015,5.276018679936712,1.7584741227693628,1
2023-08-31,Easing,4.232209879669645,3.5178718165051492,4.831678606152799,5.276723924248474,1.7588521077433246,1
2023-09-01,Easing,4.171732996944563,3.518362486110308,4.831876769624174,5.277587664233089,1.7592251781227803,1
2023-09-05,Easing,4.13183353366616,3.5178699735322088,4.831844298196181,5.277881837818582,1.7600118642863736,1
2023-09-06,Easing,4.086802897653749,3.5169111010396366,4.83158698406949,5.2774226742746375,1.760511573235001,1
2023-09-07,Easing,4.097761858932529,3.516164258195797,4.831338446004419,5.276654944404143,1.760490686208346,1
2023-09-08,Easing,4.04141707012308,3.5162274458394593,4.83134581789618,5.276273712287382,1.7600462664479224,1
2023-09-11,Easing,4.05257683352691,3.51627659178453,4.8313545939577995,5.275950753219776,1.7596741614352465,1
2023-09-12,Easing,4.054645550272356,3.5162070853765015,4.831340376737975,5.275628145194634,1.7594210598181328,1
2023-09-13,Easing,4.016960985243655,3.5162622868040896,4.831335111101003,5.275376974311078,1.759114687506988,1
2023-09-14,Easing,3.9684704293929247,3.516463872939495,4.831399878435757,5.2753294080570985,1.7588655351176037,1
2023-09-15,Easing,4.007701817185343,3.5161813715159553,4.831347046544806,5.27505243555238,1.7588710640364242,1
2023-09-18,Easing,4.003452684301306,3.5158365600549164,4.831248930175898,5.2746102975679765,1.75877373751306,1
2023-09-19,Easing,3.9877515674383006,3.515698863648103,4.831196624848644,5.274198173714314,1.7584993100662114,1
2023-09-20,Easing,3.968690766632976,3.5152456678260595,4.831072355816108,5.273578408242729,1.7583327404166695,1
2023-09-21,Easing,3.9656581860840125,3.5151460595266752,4.831007588481355,5.273043770568854,1.7578977110421792,1
2023-09-22,Easing,3.929991405862878,3.5141833255669903,4.8307202602239245,5.271974144178641,1.7577908186116504,1
2023-09-25,Easing,3.953478135834103,3.514193856840934,4.830681294510333,5.271307514538005,1.7571136576970714,1
2023-09-26,Easing,3.9878256451789094,3.5134933516024467,4.83047224872255,5.270290193475046,1.7567968418725992,1
2023-09-27,Easing,3.945477981008387,3.5132165546189604,4.830357984400262,5.269417677428812,1.756201122809852,1
2023-09-28,Easing,4.0076142062615565,3.5126375978339066,4.830160347492585,5.268373677138529,1.7557360793046222,1
2023-09-29,Easing,3.969355066066576,3.5127929341245756,4.830200015291107,5.267796738847647,1.7550038047230712,1
2023-10-02,Easing,3.987721280708903,3.5129085148561074,4.830272856602551,5.267400762947364,1.7544922480912568,1
2023-10-03,Easing,4.03084679548341,3.512211607802884,4.830016771124487,5.266468043118419,1.7542564353155345,1
2023-10-04,Easing,4.175704706095945,3.511197972685805,4.828958553614379,5.2646798328027815,1.7534818601169766,1
2023-10-05,Easing,4.205895643152906,3.5115749045323725,4.8292711569292734,5.264438842150703,1.7528639376183306,1
2023-10-06,Easing,4.195488003461871,3.511769996382179,4.828967329675999,5.263934569650033,1.7521645732678537,1
2023-10-10,Easing,4.220255877566543,3.511291525502671,4.82821539671642,5.262915668895982,1.7516241433933106,1
2023-10-11,Easing,4.216037670345958,3.512030031087972,4.829044734539485,5.263691648264399,1.7516616171764272,1
2023-10-12,Easing,4.195348054407357,3.5128130313056847,4.829656250513148,5.264562233577077,1.7517492022713927,1
2023-10-13,Easing,4.1776335491396654,3.512209062745015,4.829700306342479,5.264527831415528,1.7523187686705128,1
2023-10-16,Easing,4.16809939684962,3.5125639666769164,4.829917075064486,5.264774965310739,1.7522109986338226,1
2023-10-17,Easing,4.212395310666,3.5120119524010356,4.829856871281775,5.264509226164893,1.7524972737638578,1
2023-10-18,Easing,4.201375217789225,3.510934252034132,4.829079663264731,5.263263025414892,1.7523287733807598,1
2023-10-19,Easing,4.260226706618719,3.509914298152686,4.827088550404445,5.260845747002351,1.7509314488496655,1
2023-10-20,Easing,4.268200390990587,3.508739007980571,4.823554781432643,5.257099070775654,1.7483600627950828,1
2023-10-23,Easing,4.298419965038023,3.5082696642051476,4.821531723708061,5.25510514957565,1.7468354853705024,1
2023-10-24,Easing,4.284176279383316,3.508163649380781,4.821894701616653,5.255646632577587,1.7474829831968064,1
2023-10-25,Easing,4.319256848606659,3.5080847525868197,4.82271456129317,5.256698180280864,1.7486134276940444,1
2023-10-26,Easing,4.330882647101013,3.5069467606765885,4.820801730902532,5.254961924250015,1.7480151635734265,1
2023-10-27,Easing,4.32726272098345,3.507191086232082,4.820697295769257,5.254977721160931,1.7477866349288491,1
2023-10-30,Easing,4.327301728840021,3.5072476918295292,4.820449459789115,5.255075310966142,1.747827619136613,1
2023-10-31,Easing,4.311588647957639,3.5067987085170635,4.819569220808656,5.254495564335542,1.7476968558184787,1
2023-11-01,Easing,4.357695220035788,3.506337702000179,4.819381237568761,5.254417106344663,1.7480794043444838,1
2023-11-02,Easing,4.31686833254593,3.507151944997258,4.820203027978833,5.255617671574242,1.7484657265769843,1
2023-11-03,Easing,4.303507784903377,3.508205598955324,4.823250778658135,5.25882128510791,1.7506156861525861,1
2023-11-06,Easing,4.392401160085536,3.510013028845908,4.825164311133703,5.261385650313198,1.7513726214672896,1
2023-11-07,Easing,4.329231171634005,3.5102311139771585,4.825345800087998,5.261915197871332,1.7516840838941734,1
2023-11-08,Easing,4.337854084029985,3.5112257050405233,4.827051690945643,5.263795205791512,1.7525695007509885,1
2023-11-09,Easing,4.4216485150450175,3.512291031160543,4.828282094784729,5.265398241206973,1.75310721004643,1
2023-11-10,Easing,4.400475860505504,3.511765345069521,4.828753895857407,5.2657196205834875,1.7539542755139665,1
2023-11-13,Easing,4.414601399594555,3.511881891167831,4.829164966583675,5.26588619023303,1.7540042990651994,1
2023-11-14,Easing,4.405657367472175,3.512009231821933,4.829467389667091,5.265868813631023,1.75385958180909,1
2023-11-15,Easing,4.402199220818109,3.5140723961481166,4.830371499535156,5.26718346766166,1.7531110715135432,1
2023-11-16,Easing,4.383495008098785,3.514272139310582,4.830702532579453,5.267811131588703,1.7535389922781208,1
2023-11-17,Easing,4.400508824857299,3.5150830474042456,4.831166961760369,5.268783870258634,1.7537008228543884,1
2023-11-20,Easing,4.420828357436559,3.51540881481157,4.831445864998644,5.269517900052509,1.7541090852409393,1
2023-11-21,Easing,4.425244569440696,3.5158364722943,4.831647714415898,5.270167504133602,1.7543310318393024,1
2023-11-22,Easing,4.3503479073735525,3.5161551310917125,4.831824990860617,5.270812544662652,1.7546574135709396,1
2023-11-24,Easing,4.352384225462175,3.516220249468931,4.831893444141251,5.271262932144977,1.7550426826760464,1
2023-11-27,Easing,4.320097417177405,3.5157912755769583,4.831783743371004,5.271284696777794,1.755493421200836,1
2023-11-28,Easing,4.27843816649981,3.516304675181713,4.8319587380397016,5.271789144799697,1.7554844696179837,1
2023-11-29,Easing,4.292446150734696,3.5170537998015736,4.832262038729279,5.272657799378818,1.7556039995772443,1
2023-11-30,Easing,4.287059926828241,3.5181406272725617,4.832692767833576,5.274005977964842,1.7558653506922806,1
2023-12-01,Easing,4.253233442958607,3.5176700548485114,4.832670652158295,5.2745220103880825,1.7568519555395712,1
2023-12-04,Easing,4.253360697610204,3.519023411310891,4.833101907826288,5.2760037606319585,1.7569803493210676,1
2023-12-05,Easing,4.21600247925751,3.5188862414677744,4.833106822420795,5.276741827414178,1.757855585946404,1
2023-12-06,Easing,4.236223308829447,3.519793598478639,4.833347110987944,5.278051917892773,1.758258319414134,1
2023-12-07,Easing,4.2502211351717465,3.520414504838235,4.833512803031324,5.279405362115769,1.7589908572775341,1
2023-12-08,Easing,4.251151497398684,3.5205495684265626,4.833559316157909,5.280572753832425,1.7600231854058626,1
2023-12-11,Easing,4.291047890456683,3.519484593349008,4.8332463618005495,5.28072036718887,1.761235773839862,1
2023-12-12,Easing,4.331782834683337,3.519023586832123,4.8330094081368165,5.280698953598518,1.7616753667663945,1
2023-12-13,Easing,4.339998713852669,3.5188671974140595,4.832877240648823,5.280718260934081,1.7618510635200213,1
2023-12-14,Easing,4.347071449708601,3.520577300781281,4.833299544733965,5.282219142992288,1.7616418422110067,1
2023-12-15,Easing,4.3958724737464925,3.5222471220256684,4.833728869668402,5.284466692373103,1.7622195703474346,1
2023-12-18,Easing,4.418449549097932,3.5226817125970777,4.833797322949036,5.286399181141768,1.76371746854469,1
2023-12-19,Easing,4.391194244778001,3.5224337010957036,4.833630226735797,5.2878372265987785,1.7654035255030749,1
2023-12-20,Easing,4.427938620707297,3.522177264575175,4.833458742491747,5.289090799240541,1.766913534665366,1
2023-12-21,Easing,4.426813235498657,3.52252427005162,4.833385374616606,5.290651885081459,1.7681276150298393,1
2023-12-22,Easing,4.4145769380401765,3.522158571563925,4.833201954928754,5.291868071700723,1.7697095001367975,1
2023-12-26,Easing,4.426550662726938,3.5217639120728856,4.832970617944458,5.292832209830268,1.771068297757382,1
2023-12-27,Easing,4.384664117104762,3.5214105000714593,4.832739807523858,5.293649963251994,1.7722394631805347,1
2023-12-28,Easing,4.38978549008371,3.5218608875537836,4.832640638027556,5.295041846624883,1.7731809590710998,1
2023-12-29,Easing,4.3915256380516245,3.521266835942744,4.8323396191139985,5.295886279273935,1.7746194433311908,1
2024-01-02,Easing,4.409179534443365,3.52050463499107,4.832070545064737,5.296417406523162,1.775912771532092,1
2024-01-03,Easing,4.415602360385337,3.519405959836895,4.8317189760362504,5.29620695656552,1.7768009967286247,1
2024-01-04,Easing,4.446065799964514,3.519110118799694,4.8314985213683626,5.296111121972633,1.7770010031729386,1
2024-01-05,Easing,4.441569011629607,3.5181413293574915,4.83121979365132,5.295402367236223,1.7772610378787315,1
2024-01-08,Easing,4.440963986976634,3.5172911045077715,4.831018821840228,5.294350819532946,1.7770597150251746,1
2024-01-09,Easing,4.522694708518188,3.517475138519937,4.831013029639559,5.293742638462698,1.7762674999427608,1
2024-01-10,Easing,4.535691997935583,3.517524723268089,4.8310354963573054,5.293237488355866,1.7757127650877775,1
2024-01-11,Easing,4.523565341078083,3.517474875238088,4.8310602448510735,5.2927309340791755,1.7752560588410873,1
2024-01-12,Easing,4.438222686155764,3.5181664288937236,4.831229973882799,5.292850990602133,1.7746845617084097,1
2024-01-16,Easing,4.405373023344634,3.518891682625979,4.831449375423292,5.293463208660726,1.7745715260347472,1
2024-01-17,Easing,4.422921867160443,3.5181992513641815,4.830621968333784,5.292783590448893,1.7745843390847118,1
2024-01-18,Easing,4.412121989815067,3.5174308194087573,4.830718505011601,5.29231126281252,1.7748804434037626,1
2024-01-19,Easing,4.42299482039359,3.516793852856397,4.8300122075724445,5.291067168317306,1.774273315460909,1
2024-01-22,Easing,4.438051408437373,3.5163645279219597,4.830102249964662,5.290214661691564,1.7738501337696047,1
2024-01-23,Easing,4.4213550255411525,3.5166109597322417,4.830480147178008,5.2898320254049445,1.7732210656727028,1
2024-01-24,Easing,4.350371369140075,3.5166411493842133,4.830032919077867,5.288885965962336,1.772244816578123,1
2024-01-25,Easing,4.360379215165207,3.51640559989034,4.829619917618042,5.287910243431455,1.7715046435411148,1
2024-01-26,Easing,4.372954903910545,3.516779723397189,4.829054914770964,5.287352963518601,1.7705732401214123,1
2024-01-29,Easing,4.349350180461471,3.516583578419988,4.828709664506843,5.286968572019656,1.7703849935996683,1
2024-01-30,Easing,4.387792315770184,3.51705134250432,4.829737165801282,5.287953246133391,1.770901903629071,1
2024-01-31,Easing,4.3825151524370805,3.517234674431556,4.830335342161282,5.288479985351808,1.7712453109202517,1
2024-02-01,Easing,4.359357457275074,3.5182369884291465,4.830910876282305,5.289396908269838,1.7711599198406915,1
2024-02-02,Easing,4.305147434955623,3.5197496304099243,4.8314628905581865,5.291045228163256,1.7712955977533316,1
2024-02-05,Easing,4.3273816377738,3.518773556836577,4.831428839439102,5.291189506616284,1.772415949779707,1
2024-02-06,Easing,4.3751890688037856,3.5172788180215036,4.831215932184207,5.29017552045674,1.772896702435237,1
2024-02-07,Easing,4.377945176467808,3.51767031813036,4.831353891872869,5.289815175366634,1.772144857236274,1
2024-02-08,Easing,4.393533739889092,3.5176532925708175,4.831450077508222,5.289351097228183,1.7716978046573653,1
2024-02-09,Easing,4.45990605034936,3.5172665315352356,4.831445864998644,5.28855265114202,1.771286119606784,1
2024-02-12,Easing,4.398547390814255,3.517076178758704,4.831455167623961,5.287686102817686,1.7706099240589817,1
2024-02-13,Easing,4.362813959337989,3.517162974008123,4.831533274572377,5.286975241826488,1.7698122678183648,1
2024-02-14,Easing,4.410213873295345,3.515901678432135,4.831258934886144,5.28519580757247,1.7692941291403352,1
2024-02-15,Easing,4.393443495717881,3.5160652642207264,4.831321244923644,5.284036138790038,1.7679708745693112,1
2024-02-16,Easing,4.374192507048948,3.516473175564812,4.831486059360863,5.283262265676409,1.7667890901115975,1
2024-02-20,Easing,4.312553385026991,3.5162395568044946,4.831487463530722,5.282239152412782,1.765999595608287,1
2024-02-21,Easing,4.2952912003606905,3.5166273709674707,4.831624721134455,5.281642555743872,1.7650151847764013,1
2024-02-22,Easing,4.234455942781612,3.516454658074794,4.831645432639878,5.28086920919394,1.7644145511191462,1
2024-02-23,Easing,4.199797124501635,3.5163521536750757,4.8316470123309685,5.280084629285136,1.7637324756100607,1
2024-02-26,Easing,4.222356750542971,3.517018168991397,4.83183991016537,5.279873652763797,1.7628554837724,1
2024-02-27,Easing,4.177692108792641,3.5171138280630525,4.83190660823368,5.279576495317354,1.7624626672543013,1
2024-02-28,Easing,4.155081149607771,3.5169670923127705,4.831924335878153,5.279203863740979,1.7622367714282086,1
2024-02-29,Easing,4.168505886034243,3.517476367168564,4.8321072290023075,5.279267402427106,1.761791035258542,1
2024-03-01,Easing,4.210153266300997,3.51780187129404,4.832259932474491,5.279419052771895,1.7616171814778552,1
2024-03-04,Easing,4.197344644025535,3.5186980827066474,4.832590438955091,5.280174496156122,1.7614764134494747,1
2024-03-05,Easing,4.222972423466717,3.5187398567599573,4.83261097493928,5.280476568197074,1.7617367114371163,1
2024-03-06,Easing,4.147064713282451,3.519563753424818,4.832819494163365,5.281359264474786,1.7617955110499683,1
2024-03-07,Easing,4.185053721672969,3.5199801775486743,4.832940603813718,5.282262672257922,1.7622824947092472,1
2024-03-08,Easing,4.224099691740631,3.520356582831545,4.833040299873717,5.283258755251762,1.7629021724202167,1
2024-03-11,Easing,4.184384500199272,3.5204738310147845,4.833073999950338,5.2841591791739475,1.763685348159163,1
2024-03-12,Easing,4.224884973857601,3.5203341161137987,4.832999578947803,5.284783683718807,1.7644495676050083,1
2024-03-13,Easing,4.235014796435895,3.5195488341200645,4.8327570086046325,5.284767886807892,1.765219052687827,1
2024-03-14,Easing,4.2396960329893645,3.518839903862422,4.832520230462132,5.284414211524616,1.7655743076621944,1
2024-03-15,Easing,4.19006477565394,3.517633370910941,4.832168836954878,5.283365472161059,1.7657321012501175,1
2024-03-18,Easing,4.1715783332562095,3.5169437479888623,4.8319267931754055,5.282212999749154,1.7652692517602917,1
2024-03-19,Easing,4.172811011545267,3.516478616723016,4.831758292792307,5.281044730426335,1.764566113703319,1
2024-03-20,Easing,4.261212523235641,3.5167119722014846,4.83178707827442,5.280341592369362,1.7636296201678778,1
2024-03-21,Easing,4.215575428401158,3.517211066825799,4.831952419275336,5.280125701253516,1.7629146344277165,1
2024-03-22,Easing,4.256032023831185,3.5174444223042682,4.832050535644244,5.279976508205981,1.7625320859017126,1
2024-03-25,Easing,4.2469367247180285,3.518098589937403,4.832270639269667,5.2802942016366154,1.7621956116992123,1
2024-03-26,Easing,4.175172694964978,3.5181680963454314,4.832345762357132,5.280441639471826,1.762273543126395,1
2024-03-27,Easing,4.152911385021229,3.5183470402418577,4.832419481274737,5.280644893058939,1.7622978528170816,1
2024-03-28,Easing,4.11785399963724,3.5187581987287424,4.8325528774113575,5.281074217993377,1.762316019264635,1
2024-04-01,Easing,4.159214741636929,3.518752318767457,4.832559547218189,5.281298885170843,1.762546566403386,1
2024-04-02,Easing,4.026853073463277,3.517525776395483,4.832273272088154,5.280610841939856,1.7630850655443728,1
2024-04-03,Easing,3.980535268629149,3.516886879109566,4.83210670243861,5.279825208903656,1.76293832979409,1
2024-04-04,Easing,4.056786219394064,3.516738826950041,4.832075810701709,5.279174727216402,1.762435900266361,1
2024-04-05,Easing,4.101835514903375,3.517082058719989,4.832199202128082,5.278914780271226,1.7618327215512366,1
2024-04-08,Easing,4.21640816071602,3.516528464753016,4.832069667458575,5.278162847311647,1.7616343825586305,1
2024-04-09,Easing,4.217738370754753,3.5160800080042476,4.831924686920617,5.277290331265412,1.7612103232611647,1
2024-04-10,Easing,4.280719478109908,3.516491868576062,4.8320275423628,5.2769570164450945,1.7604651478690325,1
2024-04-11,Easing,4.209414725547044,3.5147537695722733,4.831504664611496,5.275256742266887,1.7605029726946135,1
2024-04-12,Easing,4.193811687216676,3.51430425969611,4.831054452650404,5.273747610710757,1.7594433510146468,1
2024-04-15,Easing,4.1479809590475885,3.5146467893811284,4.831122203846109,5.273045525781178,1.75839873640005,1
2024-04-16,Easing,4.18602144043997,3.5137250396292075,4.829307489824379,5.2706387786425815,1.756913739013374,1
2024-04-17,Easing,4.205771338192518,3.512894560918132,4.827908761123426,5.268573595822225,1.7556790349040932,1
2024-04-18,Easing,4.20679584638194,3.5129999614181853,4.827985112859517,5.268217989805394,1.7552180283872088,1
2024-04-19,Easing,4.214214358658241,3.512425743706406,4.827422567309693,5.26730808773666,1.7548823440302534,1
2024-04-22,Easing,4.162730921294623,3.512318587994029,4.827455740822615,5.267000223495039,1.7546816355010098,1
2024-04-23,Easing,4.13763398143418,3.51219993564093,4.827610550549587,5.2668733216440184,1.7546733860030885,1
2024-04-24,Easing,4.094744107021915,3.512437064825895,4.827206676193847,5.266444874315742,1.7540078094898472,1
2024-04-25,Easing,4.063256814028997,3.512152720429416,4.8264398239295145,5.2656487100056,1.7534959895761837,1
2024-04-26,Easing,4.041081616659723,3.511406579670506,4.825460590973984,5.26454046894426,1.7531338892737538,1
2024-04-29,Easing,4.11842256181627,3.5112042036895548,4.8254509373062024,5.264375127943344,1.7531709242537894,1
2024-04-30,Easing,4.184830745238812,3.511353660018939,4.826561460143564,5.2652548403601065,1.7539011803411677,1
2024-05-01,Easing,4.198837965135394,3.5109160855865786,4.826782967938846,5.2651198645323944,1.7542037789458158,1
2024-05-02,Easing,4.165604511228872,3.5115191765410874,4.827546660820996,5.265607286994755,1.7540881104536679,1
2024-05-03,Easing,4.15305381403314,3.512413457220138,4.82814290644744,5.266244780110813,1.7538313228906746,1
2024-05-06,Easing,4.228722480962044,3.5135039706370064,4.829343822719485,5.267646843715182,1.7541428730781758,1
2024-05-07,Easing,4.226802603070557,3.514187099273487,4.830124365639945,5.2687343732711,1.7545472739976127,1
2024-05-08,Easing,4.300666388937733,3.5148220473316747,4.830708500301354,5.269652349316523,1.7548303019848484,1
2024-05-09,Easing,4.324154270795218,3.5150121368263583,4.831056909947657,5.270225952703989,1.7552138158776311,1
2024-05-10,Easing,4.354206772027844,3.5155250098674156,4.831400931563151,5.270854669758427,1.7553296598910118,1
2024-05-13,Easing,4.289367290117333,3.515320176589211,4.831477809862941,5.270995964350505,1.7556757877612945,1
2024-05-14,Easing,4.287739983801061,3.5154209257766054,4.831598919513292,5.271180086123287,1.755759160346682,1
2024-05-15,Easing,4.301714783667675,3.515808915460814,4.831795152251109,5.271538324958605,1.7557294094977913,1
2024-05-16,Easing,4.310309536600329,3.5168882832794255,4.832198149000688,5.272470167181389,1.7555818839019635,1
2024-05-17,Easing,4.361945569604695,3.517016852582154,4.832335582125653,5.273058514352376,1.7560416617702215,1
2024-05-20,Easing,4.346179413282805,3.5167655939379814,4.832302408612731,5.273289500294207,1.7565239063562257,1
2024-05-21,Easing,4.3341993779743415,3.5165055592321885,4.832233253247167,5.273324429019453,1.7568188697872649,1
2024-05-22,Easing,4.287629570124707,3.5165953383425586,4.832255017879984,5.273460106932095,1.7568647685895367,1
2024-05-23,Easing,4.312013908892626,3.516434034329988,4.832206398498611,5.273428162067798,1.7569941277378103,1
2024-05-24,Easing,4.279011224938497,3.5159104544937545,4.832023505374455,5.2730474565147345,1.75713700202098,1
2024-05-28,Easing,4.262076692748716,3.515723524381254,4.831918543677483,5.272715896906741,1.7569923725254868,1
2024-05-29,Easing,4.302463988762535,3.5150713752422913,4.831705636422589,5.2720724360687825,1.7570010608264912,1
2024-05-30,Easing,4.307669150889475,3.5143746437103003,4.831181881065122,5.271005266975822,1.7566306232655213,1
2024-05-31,Easing,4.239752631280598,3.514446080851885,4.831275960445686,5.270639305206279,1.7561932243543938,1
2024-06-03,Easing,4.263269191619754,3.5148388973699847,4.831447093647271,5.270605429608427,1.7557665322384421,1
2024-06-04,Easing,4.344238268297532,3.515993563797293,4.831813933022977,5.27120957369033,1.7552160098930365,1
2024-06-05,Easing,4.329061328536798,3.5171630617687395,4.832235008459491,5.2722837636325846,1.755120701863845,1
2024-06-06,Easing,4.31838032981396,3.51808226646279,4.832601847835196,5.273575424381778,1.7554931579189876,1
2024-06-07,Easing,4.279767971158166,3.518569074600837,4.832823706672943,5.274764229688787,1.7561951550879504,1
2024-06-10,Easing,4.241889812513129,3.5173135712255177,4.832491620501251,5.274681383667097,1.7573678124415797,1
2024-06-11,Easing,4.280686275107026,3.5166311446739673,4.832235886065653,5.2743752746378005,1.7577441299638332,1
2024-06-12,Easing,4.303208023430527,3.516865816561679,4.8322465928608285,5.274435653941744,1.757569837380065,1
2024-06-13,Easing,4.264026946888106,3.5176166963938633,4.832462308455442,5.275019437560689,1.757402741166826,1
2024-06-14,Easing,4.263537232607929,3.5185910147548864,4.832774736249105,5.276078532676959,1.7574875179220721,1
2024-06-17,Easing,4.244158776441462,3.5192560647044298,4.832997999256711,5.277229249876539,1.7579731851721094,1
2024-06-18,Easing,4.204812413715882,3.518778822473549,4.832874958872802,5.277671914424638,1.758893091951089,1
2024-06-20,Easing,4.170149662474527,3.5190815088388137,4.832931301188401,5.278393306689781,1.759311797850967,1
2024-06-21,Easing,4.162509616665784,3.518881151352035,4.83287408126664,5.278805781585908,1.7599246302338734,1
2024-06-24,Easing,4.13672035249497,3.5187426650996754,4.832821073854457,5.279118560422035,1.76037589532236,1
2024-06-25,Easing,4.160790219885764,3.518632086723267,4.832754200264914,5.279321287445452,1.7606892007221848,1
2024-06-26,Easing,4.136646842939826,3.5187391546750275,4.832753498179985,5.279630029293234,1.7608908746182061,1
2024-06-27,Easing,4.160670718956712,3.5179572075847094,4.832527426832661,5.279312511383832,1.7613553037991228,1
2024-06-28,Easing,4.181109690197342,3.51792026036529,4.832475121505407,5.279208427293021,1.7612881669277312,1
2024-07-01,Easing,4.2365324546522585,3.517344462962419,4.832328385755124,5.278759795023021,1.7614153320606016,1
2024-07-02,Easing,4.260189920644495,3.516198835878579,4.8314556941876585,5.277276289566821,1.7610774536882419,1
2024-07-03,Easing,4.275376917733012,3.5161539024430857,4.831430243608962,5.276670214751361,1.7605163123082752,1
2024-07-05,Easing,4.224655367984382,3.5165741002734388,4.831724943758152,5.276668810581502,1.7600947103080635,1
2024-07-08,Easing,4.228382768592425,3.5176118695599725,4.832150933789174,5.277306128176328,1.759694258616355,1
2024-07-09,Easing,4.27307000405924,3.518025748625959,4.832394908302202,5.277867269556293,1.7598415209303342,1
2024-07-10,Easing,4.274311836946665,3.5181278142225967,4.8325018007327305,5.27826061263809,1.7601327984154933,1
2024-07-11,Easing,4.31945422842693,3.518274725494111,4.832590614476322,5.278636228075415,1.7603615025813042,1
2024-07-12,Easing,4.283737824404051,3.519230614125733,4.832932354315795,5.279681632535558,1.7604510184098254,1
2024-07-15,Easing,4.295152631476073,3.519839058477829,4.83320318357738,5.280811462708483,1.760972404230654,1
2024-07-16,Easing,4.269282596394542,3.5197861388262623,4.832222721973223,5.2808583268775315,1.7610721880512692,1
2024-07-17,Easing,4.237402356056889,3.5200150185133046,4.832716463199949,5.282128222993908,1.7621132044806034,1
2024-07-18,Easing,4.215204622138014,3.52013489951503,4.8329611397979075,5.283214874943663,1.7630799754286333,1
2024-07-19,Easing,4.253614189922693,3.519781136471139,4.832754200264914,5.283587330998805,1.7638061945276662,1
2024-07-22,Easing,4.275765259546748,3.5191474170615775,4.832046498655899,5.283240150001128,1.7640927329395506,1
2024-07-23,Easing,4.25808044866358,3.518571180855626,4.831228569712939,5.282663913795176,1.7640927329395497,1
2024-07-24,Easing,4.266946249876417,3.518318254759745,4.830307960849029,5.282190357510175,1.76387210275043,1
2024-07-25,Easing,4.21578054783655,3.517662331914286,4.828148172084412,5.2808516570707,1.7631893251564144,1
2024-07-26,Easing,4.260044860054085,3.516953401656644,4.827344635882509,5.280648227962356,1.763694826305712,1
2024-07-29,Easing,4.255270343743676,3.516890389534214,4.8274313433713125,5.281515127329152,1.7646247377949384,1
2024-07-30,Easing,4.099559042933918,3.5167983286478233,4.827588610395538,5.282408354880809,1.7656100262329861,1
2024-07-31,Easing,4.085973670192524,3.516772263744812,4.827631437576242,5.2831985514690505,1.7664262877242383,1
2024-08-01,Easing,4.096975144738718,3.517209487134708,4.827830829696243,5.284363485888454,1.767153998753746,1
2024-08-02,Easing,4.093581192331046,3.518244009278442,4.828095866757159,5.2862524453914865,1.7680084361130444,1
2024-08-05,Easing,4.106817898070201,3.520089702797689,4.826272727716274,5.288346413693955,1.7682567108962663,1
2024-08-06,Easing,4.133693771829808,3.5198989112180756,4.825204856538385,5.291354145532271,1.7714552343141952,1
2024-08-07,Easing,4.134656722407278,3.5176425857756417,4.824436073540497,5.293610646495937,1.7759680607202952,1
2024-08-08,Easing,4.13012692623063,3.515052594470425,4.821907690187851,5.293778795836571,1.7787262013661462,1
2024-08-09,Easing,4.082981252601001,3.512350796140173,4.8199622128479875,5.29365628201636,1.781305485876187,1
2024-08-12,Easing,4.1280455569302665,3.5106505219619657,4.819850756865417,5.294670443697137,1.784019921735171,1
2024-08-13,Easing,4.152086150026854,3.509855059736753,4.8201726628056285,5.2958990923239,1.7860440325871472,1
2024-08-14,Easing,4.163827689479499,3.5095432462674037,4.819631530846156,5.296764938563303,1.7872216922958994,1
2024-08-15,Easing,4.134212837292959,3.5092123009837235,4.820444896237073,5.298443097066229,1.7892307960825051,1
2024-08-16,Easing,4.124006019472675,3.5081285451343023,4.820919154607004,5.298768513431089,1.7906399682967864,1
2024-08-19,Easing,4.163999910862001,3.5081322310801824,4.8213254862599975,5.298930695049821,1.7907984639696384,1
2024-08-20,Easing,4.089194993717735,3.508535754393458,4.822096199991442,5.299377572107499,1.7908418177140408,1
2024-08-21,Easing,4.112508918067352,3.5093506117148507,4.8226524267769015,5.300059998659049,1.7907093869441981,1
2024-08-22,Easing,4.081280511522263,3.5099630052946758,4.822240829486936,5.300565499808346,1.7906024945136698,1
2024-08-23,Easing,4.0602160103272364,3.5092354697863994,4.8216363343625686,5.300428944289543,1.7911934745031433,1
2024-08-26,Easing,4.055174654607827,3.5090886462755013,4.820835782021616,5.300735053318839,1.7916464070433373,1
2024-08-27,Easing,4.047129999632475,3.50828230173388,4.8199959129246075,5.300959369453839,1.7926770677199588,1
2024-08-28,Easing,4.076652560334012,3.507106221716219,4.818161013961153,5.3006551911581,1.793548969441881,1
2024-08-29,Easing,4.027625730767863,3.50548168494979,4.8165465696655865,5.300528289307078,1.795046604357288,1
2024-08-30,Easing,3.9967599087651022,3.503550512590367,4.815224192700724,5.300341183673345,1.7967906710829782,1
2024-09-03,Easing,3.9148866913626224,3.5013089309314545,4.813308378449136,5.299320703228203,1.7980117722967481,1
2024-09-04,Easing,3.890379362151596,3.4996499920034756,4.811241264895224,5.2987414831613,1.7990914911578244,1
2024-09-05,Easing,3.916862869335109,3.499948553619779,4.815046916256006,5.302475697380498,1.8025271437607184,1
2024-09-06,Easing,3.896552661293769,3.499390045058299,4.8120502422553315,5.301854176696588,1.8024641316382888,1
2024-09-09,Easing,3.8772501258922674,3.4969610067231884,4.8077743695129636,5.300999388294826,1.8040383815716372,1
2024-09-10,Easing,3.909155881355713,3.495809236396214,4.811657250215999,5.305513092307088,1.8097038559108736,1
2024-09-11,Easing,3.8900671650270384,3.4966815769212163,4.814608464217484,5.309011932553645,1.8123303556324286,1
2024-09-12,Easing,3.873183202821697,3.496103848784789,4.8118378615641335,5.308314235654875,1.8122103868700865,1
2024-09-13,Easing,3.881113088342652,3.493297088757565,4.807956736073422,5.307089975058922,1.813792886301357,1
2024-09-16,Easing,3.917818870500458,3.4923832374611017,4.811344646901104,5.310740114607803,1.8183568771467016,1
2024-09-17,Easing,3.9286531098182236,3.490019931827523,4.806337903747044,5.309176571469631,1.8191566396421077,1
2024-09-18,Easing,3.941331062828677,3.4888173481037708,4.809762322991066,5.312205541377066,1.8233881932732956,1
2024-09-19,Easing,3.917189990567492,3.4878274083530645,4.809166428407085,5.311952088717488,1.8241246803644238,1
2024-09-20,Easing,3.944371034797155,3.484827662730823,4.803730535839822,5.308424989552517,1.823597326821694,1
2024-09-23,Easing,3.9763009099348894,3.479980819419475,4.798566701182769,5.305865187899272,1.8258843684797972,1
2024-09-24,Tightening,3.976571066798871,3.4707571786571325,4.7881446014456355,5.300194798965528,1.8294376203083953,1
2024-09-25,Tightening,3.95559378912078,3.438939655015397,4.739645803158954,5.265768415486093,1.826828760470696,1
2024-09-26,Tightening,3.955443510276581,3.388068160709204,4.6771121516087595,5.218672733931175,1.8306045732219713,1
2024-09-27,Tightening,3.9185345289131694,3.32979230321444,4.623531311559322,5.172872048028866,1.843079744814426,1
2024-09-30,Tightening,3.9110505409177962,3.2608571290369612,4.556093421254786,5.110054227603424,1.8491970985664627,1
2024-10-01,Tightening,3.936849900039882,3.182944043822493,4.475637823228464,5.028002439489704,1.8450583956672109,1
2024-10-02,Tightening,3.962095919109337,3.113284493518921,4.3998491592502855,4.943016111891577,1.829731618372656,1
2024-10-03,Tightening,3.932893190541783,3.047153622071413,4.314764890804482,4.844925720125326,1.7977720980539136,1
2024-10-04,Tightening,3.9370158165261335,2.9892235414044666,4.227685999073746,4.740782127617478,1.7515585862130112,1
2024-10-07,Tightening,3.948353085590578,2.953839163038621,4.159839670861427,4.651239795390081,1.69740063235146,1
2024-10-08,Tightening,3.882367257870365,2.926212208820309,4.086737885908747,4.559461322661976,1.633249113841667,1
2024-10-09,Tightening,3.858731342858341,2.8999269389024223,4.008347997266478,4.465521481478163,1.5655945425757407,1
2024-10-10,Tightening,3.8820936323649455,2.8779529970158473,3.936150848745559,4.379990511495914,1.502037514480067,1
2024-10-11,Tightening,3.822914880181086,2.849543744664752,3.851490727357838,4.284770769485479,1.435227024820727,1
2024-10-15,Tightening,3.845409425012998,2.8157063226806174,3.7615482067205814,4.185398019595351,1.369691696914734,1
2024-10-16,Tightening,3.83183385140434,2.7851005318068727,3.6841042019996877,4.098854818665883,1.3137542868590102,1
2024-10-17,Tightening,3.817733345000313,2.7601522948767525,3.6217704691331907,4.027921774060672,1.2677694791839191,1
2024-10-18,Tightening,3.8121136493526784,2.7334188753722537,3.5583500843169373,3.956170098427571,1.2227512230553175,1
2024-10-21,Tightening,3.841570384952507,2.7083201728656636,3.5022793878253644,3.8920918600323025,1.1837716871666388,1
2024-10-22,Tightening,3.838229146563304,2.6767496953585233,3.4360034480792816,3.817089180132787,1.1403394847742638,0
2024-10-23,Tightening,3.827628746589731,2.643105215089099,3.369437547257283,3.740995284731474,1.097890069642375,0
2024-10-24,Tightening,3.817330815352518,2.6109597958450954,3.3077503468503116,3.6690270158975977,1.0580672200525023,0
2024-10-25,Tightening,3.9004333114867995,2.587423934391748,3.2629532035942193,3.6145360104975772,1.0271120761058294,0
2024-10-28,Tightening,3.9173840738938175,2.570561017211428,3.22929244373049,3.571972374923708,1.0014113577122798,0
2024-10-29,Tightening,3.912223157228201,2.571469910033076,3.227859312867987,3.5646684976406826,0.9931985876076066,0
2024-10-30,Tightening,3.933983910198018,2.582720821029577,3.243291315141363,3.5771061954500203,0.9943853744204434,0
2024-10-31,Tightening,3.911127917529001,2.59552687208525,3.260642115527278,3.5936559169312856,0.9981290448460358,0
2024-11-01,Tightening,3.958708710167426,2.592315952480283,3.247797647261865,3.579238251859919,0.986922299379636,0
2024-11-04,Tightening,3.904381078697496,2.5801561925424417,3.2221123966769194,3.5505405303633832,0.9703843378209416,0
2024-11-05,Tightening,3.898063816196743,2.56390237791884,3.191805584282405,3.5159884736815536,0.9520860957627137,0
2024-11-06,Tightening,3.921624004183438,2.546314909091195,3.161179323244932,3.4803250165562014,0.9340101074650065,0
2024-11-07,Tightening,3.8974512000523474,2.531005354817568,3.1336290718051765,3.4468445169981416,0.9158391621805735,0
2024-11-08,Tightening,3.922559542634392,2.517482036245715,3.109197744904459,3.4166610082693842,0.8991789720236691,0
2024-11-12,Tightening,3.946308991461839,2.5059065206700537,3.088578080966733,3.3907630259507764,0.8848565052807227,0
2024-11-13,Tightening,3.93902162771526,2.4978000944920575,3.0724009471815332,3.369420697218973,0.8716206027269155,0
2024-11-14,Tightening,3.924896869146531,2.4926705084154763,3.0603205228407346,3.352752674427074,0.8600821660115976,0
2024-11-15,Tightening,3.932126487822453,2.4893849264662795,3.051106755147715,3.3396185083675936,0.850233581901314,0
2024-11-18,Tightening,3.908069740564103,2.487053499876535,3.0439109111832283,3.3292073787074847,0.8421538788309499,0
2024-11-19,Tightening,3.8689697354105954,2.4849433178002234,3.0378347610404965,3.320530486584052,0.8355871687838285,0
2024-11-20,Tightening,3.8547250372387856,2.4824784950738583,3.032230236449209,3.312870915523579,0.8303924204497206,0
2024-11-21,Tightening,3.831747919150735,2.480290271869593,3.027590639833011,3.3065059890732496,0.8262157172036564,0
2024-11-22,Tightening,3.8331854015750126,2.4788984543171653,3.0241900475962877,3.301589112790176,0.8226906584730109,0
2024-11-25,Tightening,3.841051674239433,2.478082434167608,3.0216858422934045,3.2977998726646227,0.8197174384970145,0
2024-11-26,Tightening,3.8814959669972913,2.4919537016425304,3.0478281501675055,3.3266308147765464,0.834677113134016,0
2024-11-27,Tightening,3.8629313265184777,2.5084713904988836,3.0771514293362965,3.3599225412491656,0.851451150750282,0
2024-11-29,Tightening,3.8318627847069857,2.5273834083666413,3.1120890184050807,3.4008346097868176,0.8734512014201763,0
2024-12-02,Tightening,3.863277859679642,2.554685121741326,3.165749545094026,3.4632486436171357,0.9085635218758097,0
2024-12-03,Tightening,3.885356966421236,2.5960492013327023,3.248535889565317,3.558086275904648,0.9620370745719455,0
2024-12-04,Tightening,3.903906739816083,2.6304498709515913,3.312698465912751,3.634445208366878,1.0039953374152866,0
2024-12-05,Tightening,3.917455632159527,2.660799466646502,3.3706984917908067,3.7042787002117525,1.0434792335652507,0
2024-12-06,Tightening,3.871629063802427,2.6920517680396188,3.432262827335102,3.776983807179221,1.0849320391396025,0
2024-12-09,Tightening,3.859828732750591,2.7172890006788766,3.4802628820399333,3.834757147385639,1.1174681467067624,0
2024-12-10,Tightening,3.874651981975768,2.729854346304474,3.5018364599954164,3.8636828709630557,1.1338285246585817,0
2024-12-11,Tightening,3.868422993104202,2.7365646985401564,3.513465794768961,3.880280948543846,1.1437162500036897,1
2024-12-12,Tightening,3.8447704870845456,2.726156903783463,3.489607193649547,3.8581088431858968,1.1319519394024335,1
2024-12-13,Tightening,3.850087322149839,2.709264520976255,3.455819180892332,3.8229907305295945,1.1137262095533393,0
2024-12-16,Tightening,3.821114048238519,2.686024281158568,3.4093178142303024,3.7720854483861657,1.0860611672275975,0
2024-12-17,Tightening,3.845706037554536,2.665629547680156,3.3693554033205224,3.7263741027911452,1.0607445551109893,0
2024-12-18,Tightening,3.855861410440117,2.6501790717970706,3.338412150937345,3.6893597465006662,1.0391806747035957,0
2024-12-19,Tightening,3.862643143381258,2.6322625225988396,3.3009521462378157,3.644820180653113,1.0125576580542734,0
2024-12-20,Tightening,3.849614415734744,2.614894038448761,3.264824786495244,3.6013703383768823,0.9864762999281211,0
2024-12-23,Tightening,3.83584407767482,2.598639302338689,3.2315533327249666,3.56090207527534,0.9622627729366511,0
2024-12-24,Tightening,3.8322264912143904,2.5846527393542376,3.20286623026299,3.525297593284072,0.9406448539298347,0
2024-12-26,Tightening,3.831603957916012,2.5727440405991833,3.178281673326392,3.494313532214363,0.9215694916151795,0
2024-12-27,Tightening,3.860268245171693,2.5627019223900303,3.1577231346578474,3.468067491291916,0.9053655689018858,0
2024-12-30,Tightening,3.861717778947251,2.5551148854788446,3.1416742630132206,3.447031447110642,0.8919165616317972,0
2024-12-31,Tightening,3.8463025187979225,2.5482023766637516,3.1275993909087205,3.4287438899074365,0.8805415132436849,0
2025-01-02,Tightening,3.851262464370233,2.54192819469057,3.1155954938252464,3.413193410802194,0.8712652161116243,0
2025-01-03,Tightening,3.8352978934370094,2.536558736909767,3.10558034006542,3.4001383170579076,0.8635795801481407,0
2025-01-06,Tightening,3.85646681688766,2.5326600592958153,3.0979899243705105,3.389922893571919,0.8572628342761037,0
2025-01-07,Tightening,3.863897996267899,2.530116405595951,3.0924369591412386,3.3821412474943156,0.8520248418983645,0
2025-01-08,Tightening,3.880254216165418,2.529229145766196,3.089188675453926,3.377016992875168,0.8477878471089721,0
2025-01-09,Tightening,3.871019384802616,2.5292565490186036,3.0872818127851898,3.3736203937464815,0.8443638447278778,0
2025-01-10,Tightening,3.8505095037888575,2.529729337398213,3.0862919169147918,3.3715180004248575,0.8417886630266445,0
2025-01-13,Tightening,3.879703681871055,2.531948013536298,3.0875093760629895,3.3717940953234145,0.8398460817871163,0
2025-01-14,Tightening,3.911558838325057,2.5353356830222866,3.0900915566733644,3.3736735766798973,0.8383378936576107,0
2025-01-15,Tightening,3.9458197256662295,2.538858065054138,3.0931292148818037,3.3763511530800785,0.8374930880259406,0
2025-01-16,Tightening,3.926862590477388,2.5402465915834584,3.094102875038205,3.37733266781163,0.8370860762281715,0
2025-01-17,Tightening,3.927275435268549,2.539194824478641,3.0928632124541093,3.3762951618069446,0.8371003373283035,0
2025-01-21,Tightening,3.916707602684912,2.53708659507604,3.0906873634967282,3.374222256052363,0.837135660976323,0
2025-01-22,Tightening,3.898808833867032,2.5342594965260123,3.087644264130085,3.3711262370341526,0.8368667405081402,0
2025-01-23,Tightening,3.8999514099884243,2.531541462481764,3.0847164383328165,3.3679986241941116,0.8364571617123477,0
2025-01-24,Tightening,3.918593996304671,2.5297354367610385,3.082702639353244,3.3656612079423107,0.8359257711812722,0
2025-01-27,Tightening,3.899169522313869,2.528453517440244,3.0811591933961813,3.363802438091251,0.8353489206510072,0
2025-01-28,Tightening,3.896722559979576,2.5259810376001157,3.0783574796043887,3.3608622819274068,0.834881244327291,0
2025-01-29,Tightening,3.9257181273334147,2.52300630375349,3.0751978780197433,3.3575746814840377,0.8345683777305477,0
2025-01-30,Tightening,3.9238903497941022,2.5203579955188102,3.072325911854685,3.3544573366360915,0.8340993411172812,0
2025-01-31,Tightening,3.927526506555444,2.5176623843120005,3.0693250692247402,3.3511927294741657,0.8335303451621652,0
2025-02-03,Tightening,3.862352772740089,2.5159704035120236,3.0673768713057754,3.3488784820250417,0.8329080785130181,0
2025-02-04,Tightening,3.875232590771004,2.5146540381493714,3.065587739503668,3.346699210403629,0.8320451722542574,0
2025-02-05,Tightening,3.868963969119535,2.513084198186987,3.063583945234342,3.3444026905989763,0.8313184924119894,0
2025-02-06,Tightening,3.829820575999947,2.5099133632434683,3.059936438503947,3.3406146791220497,0.8307013158785814,0
2025-02-07,Tightening,3.868480457589447,2.5062559176232893,3.055923277166166,3.3363894442552278,0.8301335266319385,0
2025-02-10,Tightening,3.8136054703172686,2.5038220085739797,3.053084440633722,3.3330909614954503,0.8292689529214705,0
2025-02-11,Tightening,3.774646186220736,2.502580020333555,3.0513326070934985,3.3308023401462554,0.8282223198127006,0
2025-02-12,Tightening,3.7906532868403744,2.5025167010489686,3.0507838399604164,3.3297409632539647,0.8272242622049961,0
2025-02-13,Tightening,3.8154542745224376,2.50475047201304,3.0526319907769164,3.3310464024199007,0.8262959304068609,0
2025-02-14,Tightening,3.810537784929145,2.5067486276627755,3.05413296059574,3.332279175795625,0.8255305481328494,0
2025-02-18,Tightening,3.817277619087476,2.507189646699321,3.0542806617128004,3.3324587340163645,0.8252690873170434,0
2025-02-19,Tightening,3.787783093521744,2.507777818349076,3.054843953227863,3.333027686091172,0.8252498677420959,0
2025-02-20,Tightening,3.7962951372831233,2.50826791751023,3.0552734536835326,3.3334610480139544,0.8251931305037243,0
2025-02-21,Tightening,3.802942913869521,2.5081882308707226,3.055196268221587,3.3334557823769826,0.82526755150626,0
2025-02-24,Tightening,3.778184539209773,2.5063784314435007,3.05342420585933,3.331897768157631,0.8255193367141302,0
2025-02-25,Tightening,3.740142764599468,2.503158318913987,3.0503571478444647,3.329050989289421,0.8258926703754339,0
2025-02-26,Tightening,3.818699330139935,2.4990090189203302,3.047191490777302,3.3263519992988875,0.8273429803785572,0
2025-02-27,Tightening,3.826778280166044,2.492264418104177,3.040788169057386,3.3202789646580304,0.8280145465538533,0
2025-02-28,Tightening,3.851129141227654,2.4850511317172215,3.033704088237627,3.313199227988773,0.8281480962715517,0
2025-03-03,Tightening,3.875682744027788,2.477359176989372,3.025925820943747,3.3052532940376484,0.8278941170482765,0
2025-03-04,Tightening,3.875141552267652,2.474943917071004,3.0279780151929065,3.3081899397768444,0.8332460227058403,0
2025-03-05,Tightening,3.8657192496409527,2.4701378166257264,3.0240929404744654,3.3045725349378055,0.834434718312079,0
2025-03-06,Tightening,3.883049270062962,2.465371142637275,3.018909008636304,3.299211502176157,0.8338403595388821,0
2025-03-07,Tightening,3.9295478111124913,2.4613236230182527,3.0138672489963816,3.2936388785688577,0.832315255550605,0
2025-03-10,Tightening,3.9877282461025256,2.4587044074278426,3.0099587860737245,3.2889057730161015,0.830201365588259,0
2025-03-11,Tightening,3.98933504815466,2.4552290431461192,3.005203608725995,3.2835534285554573,0.8283243854093381,0
2025-03-12,Tightening,3.953600247576408,2.452160317679546,3.0010452474487153,3.2787172920392855,0.8265569743597396,0
2025-03-13,Tightening,3.942293587776142,2.4507695532545126,2.9985408227442916,3.275338245033839,0.8245686917793265,0
2025-03-14,Tightening,3.992094880124348,2.4495059100820407,2.9962300418395067,3.2723437650485687,0.8228378549665281,0
2025-03-17,Tightening,3.999784602601066,2.449287627489404,2.9951217130175505,3.2705405476675615,0.8212529201781575,0
2025-03-18,Tightening,4.0936232770379375,2.449963976618283,2.9949220576157014,3.26969128818462,0.819727311566337,0
2025-03-19,Tightening,4.054941059836996,2.4572301168363433,3.00607033257156,3.281490000947425,0.8242598841110818,0
2025-03-20,Tightening,4.097387191489151,2.460156867566063,3.0095826001923944,3.285571132882451,0.8254142653163878,0
2025-03-21,Tightening,4.052710918471929,2.4594021043266117,3.008663176096803,3.285316978137943,0.8259148738113313,0
2025-03-24,Tightening,4.120265184391144,2.4569224500561093,3.005806655800195,3.2827962299589064,0.8258737799027971,0
2025-03-25,Tightening,4.105745548760855,2.4646351162893816,3.019302088436252,3.2974968352568936,0.832861718967512,0
2025-03-26,Tightening,4.0429443983796265,2.4685485376868543,3.0239310221375812,3.302750536784932,0.8342019990980778,0
2025-03-27,Tightening,4.010636982147115,2.4762695631188194,3.035611696871601,3.315930601646684,0.8396610385278644,0
2025-03-28,Tightening,4.031818175295151,2.4798924310562165,3.039160648430006,3.3202500914153017,0.8403576603590852,0
2025-03-31,Tightening,4.015251333443035,2.478550110491324,3.0365398092681963,3.318290660137463,0.8397405496461392,0
2025-04-01,Tightening,4.050562274488164,2.4738282821777493,3.03039520584483,3.3124219322111133,0.838593650033364,0
2025-04-02,Tightening,4.046714236682572,2.4665961711386197,3.021746089956424,3.3037033537949867,0.837107182656367,0
2025-04-03,Tightening,4.026970538306236,2.4681487441997674,3.028808932707063,3.3117551270492456,0.8436063828494782,0
2025-04-04,Tightening,4.006773692450926,2.4629568919659937,3.0242722354133567,3.307995111208886,0.8450382192428925,0
2025-04-07,Tightening,4.001075941638447,2.4525415936766155,3.0135687312603863,3.2980984342809263,0.8455568406043108,0
2025-04-08,Tightening,4.019570625252052,2.4425486872329953,3.0026334074397307,3.286879117106256,0.8443304298732608,0
2025-04-09,Tightening,4.01439153326754,2.435944646013759,2.99440282192997,3.277406499475762,0.8414618534620031,0
2025-04-10,Tightening,3.991272808329733,2.434515387588446,2.990534641130147,3.2714968751022644,0.8369814875138184,0
2025-04-11,Tightening,4.00378783396286,2.4370711961336533,2.9904645642781134,3.269398343247753,0.8323271471140998,0
